﻿{"cameraMode":{"drawMode":0,"name":"Shaded","section":"Shading Mode"},"sceneLighting":false,"audioPlay":false,"sceneViewState":{"m_AlwaysRefresh":false,"showFog":true,"showSkybox":false,"showFlares":true,"showImageEffects":true,"showParticleSystems":true,"showVisualEffectGraphs":true,"m_FxEnabled":true},"in2DMode":false,"pivot":{"x":16.734201431274415,"y":-13.216050148010254,"z":5.569366931915283},"rotation":{"x":0.01719772443175316,"y":0.7971670031547546,"z":0.022722113877534868,"w":-0.6031035780906677},"size":10.0,"orthographic":false}