﻿{"cameraMode":{"drawMode":0,"name":"Shaded","section":"Shading Mode"},"sceneLighting":true,"audioPlay":false,"sceneViewState":{"m_AlwaysRefresh":false,"showFog":true,"showSkybox":true,"showFlares":true,"showImageEffects":true,"showParticleSystems":true,"showVisualEffectGraphs":true,"m_FxEnabled":true},"in2DMode":false,"pivot":{"x":8.968974113464356,"y":-21.50819969177246,"z":48.22745132446289},"rotation":{"x":0.1374485343694687,"y":0.04039802402257919,"z":-0.005610505118966103,"w":0.9896737933158875},"size":22.914047241210939,"orthographic":false}