﻿{"cameraMode":{"drawMode":0,"name":"Shaded","section":"Shading Mode"},"sceneLighting":true,"audioPlay":false,"sceneViewState":{"m_AlwaysRefresh":false,"showFog":true,"showSkybox":true,"showFlares":true,"showImageEffects":true,"showParticleSystems":true,"showVisualEffectGraphs":true,"m_FxEnabled":true},"in2DMode":false,"pivot":{"x":44.99521255493164,"y":-14.122088432312012,"z":-5.18569803237915},"rotation":{"x":0.0044591110199689869,"y":0.8688772916793823,"z":-0.007817487232387066,"w":0.49496760964393618},"size":11.898477554321289,"orthographic":false}