﻿{"cameraMode":{"drawMode":0,"name":"Shaded","section":"Shading Mode"},"sceneLighting":false,"audioPlay":false,"sceneViewState":{"m_AlwaysRefresh":false,"showFog":true,"showSkybox":false,"showFlares":true,"showImageEffects":true,"showParticleSystems":true,"showVisualEffectGraphs":true,"m_FxEnabled":true},"in2DMode":false,"pivot":{"x":-8.50570297241211,"y":4.3141069412231449,"z":1.5672013759613038},"rotation":{"x":0.19149991869926454,"y":0.7745603322982788,"z":-0.2770451307296753,"w":0.5353983044624329},"size":1.7146358489990235,"orthographic":false}